Wahlkreis;Wahlberechtigte;Wähler;Gültige Erststimmen;Gültige Zweitstimmen;CDU I;CDU II;SPD I;SPD II;GRÜNE I;GRÜNE II;FDP I;FDP II;DIE LINKE. I;DIE LINKE. II;AfD Niedersachsen I;AfD Niedersachsen II;Bündnis C I;Bündnis C II;BGE I;BGE II;DM I;DM II;Die Grauen I;Die Grauen II;FREIE WÄHLER I;FREIE WÄHLER II;LKR Niedersachsen I;LKR Niedersachsen II;ÖDP I;ÖDP II;Die PARTEI I;Die PARTEI II;Tierschutzpartei I;Tierschutzpartei II;PIRATEN I;PIRATEN II;V-Partei³ I;V-Partei³ II;Einzelbewerber 1;
005;71054;43591;43279;43344;16373;14943;17306;17460;2764;2539;2358;2719;1421;1530;3057;3178;;;;34;;55;;;;166;;4;;40;;219;;332;;82;;43;;
033;66499;44807;44504;44604;16591;14975;18573;17550;2425;3287;2156;3236;1545;1697;3021;2874;;;;32;;38;;;;132;;10;;37;;222;;308;193;143;;63;;
040;68143;41135;40813;40925;16404;14278;14838;14914;3768;3831;2130;2889;1130;1425;2543;2661;;;;48;;63;;;;125;;14;;38;;213;;300;;94;;32;;
065;56855;29896;29538;29705;10052;8393;12317;11534;1582;1974;;2080;1741;1711;3256;3118;;;;28;;36;;;590;230;;1;;24;;178;;296;;81;;21;;
015;56094;37477;37216;37274;15408;14662;13103;12622;2391;3171;1847;2507;1176;1275;1683;1832;;;;40;;32;;;1608;649;;10;;21;;158;;203;;69;;23;;
026;73598;43798;42967;43475;8282;7314;19272;17303;5328;6511;1988;2179;5523;5943;;2543;;;;121;;101;260;;;92;;8;;58;1404;741;;285;475;206;;70;435;
047;83271;53394;52995;53098;19517;17974;18747;19476;6092;4848;3145;3834;2034;2236;3460;3540;;;;89;;76;;;;183;;8;;43;;251;;388;;116;;36;;
084;58351;34545;33797;34281;10008;9765;18163;16689;2096;2011;1918;1746;1612;1245;;2139;;;;32;;22;;;;68;;5;;40;;202;;231;;57;;29;;
003;72709;45116;44819;44914;12144;11194;18935;16876;4076;5313;2688;3452;2566;3454;2720;2827;;;;83;;71;;;;137;;14;;84;1130;765;;362;;207;;75;560;
006;78457;50398;50023;50097;18228;16460;20652;19408;3758;4072;2289;3424;1454;1895;3642;3649;;;;35;;81;;;;152;;12;;34;;273;;422;;95;;85;;
020;56174;35430;34794;35140;11057;10167;16390;15078;2671;2658;3335;3328;1341;1145;;2111;;;;39;;36;;;;80;;3;;19;;139;;236;;70;;31;;
053;59152;37534;37096;37346;14605;13591;13928;12873;2920;3533;2958;2786;1626;1501;;2010;;;;51;;82;;;1059;344;;18;;40;;175;;241;;71;;30;;
018;55335;34065;33677;33822;10079;9958;15830;14907;1934;2244;2168;2451;1064;1245;2249;2288;;;;36;;39;;;;85;;3;;20;353;227;;257;;39;;23;;
046;67631;40510;40214;40285;15175;14024;14979;14302;2055;2713;2421;3130;1528;1632;3492;3451;;;;30;;47;;;564;287;;10;;38;;241;;287;;61;;32;;
064;75817;50973;50643;50736;17880;16149;18102;17298;4886;5218;4389;5521;1791;2132;2812;2886;;;;76;;64;;;783;501;;11;;41;;273;;403;;88;;75;;
083;71933;43410;43071;43145;17608;15345;16423;16887;3214;3099;1781;2632;1555;1711;2490;2635;;;;43;;28;;;;79;;8;;36;;247;;276;;72;;47;;
048;84076;54303;53878;54047;18330;17162;17795;17330;7931;7082;3129;3944;3211;3430;3482;3592;;;;219;;81;;;;186;;11;;63;;267;;506;;104;;70;;
028;84183;55750;54963;55557;13968;10890;22762;21646;8812;9403;2919;4082;4121;5145;;2415;;;;119;;96;;;;152;;7;;95;1826;807;;372;555;241;;87;;
021;76472;46337;45992;46082;15758;13708;19646;17108;3626;5517;1859;2915;2427;2879;2676;2810;;;;108;;63;;;;97;;6;;47;;337;;317;;99;;71;;
027;75002;49301;48940;49079;14100;12008;20964;20193;5064;5753;2285;3516;2803;3306;2833;2930;;;;77;;91;;;;116;;11;;61;649;431;;337;242;186;;63;;
052;69395;46742;46453;46524;18436;16234;14803;13489;4899;5649;3306;4553;2045;2078;2964;3084;;;;59;;56;;;;291;;28;;56;;246;;508;;97;;96;;
058;59197;36595;36361;36364;12368;12280;17515;15005;1636;2523;1334;2234;1198;1441;1949;2082;;;;30;;39;;;361;245;;8;;21;;130;;256;;47;;23;;
042;60658;37190;36669;36987;16179;14224;12214;12059;3328;2758;3280;3971;1668;1337;;1866;;;;35;;30;;;;149;;4;;105;;152;;214;;62;;21;;
045;71141;46549;46285;46349;20040;18489;15696;15092;2405;2891;3087;3851;1289;1402;3227;3446;;;;42;;51;;;541;345;;5;;40;;232;;336;;82;;45;;
087;66756;40444;40110;40177;14751;13208;17501;17024;2455;2579;1978;2892;1292;1447;2133;2264;;;;37;;32;;;;105;;11;;33;;142;;316;;67;;20;;
056;75601;45260;44975;45038;19536;17170;15382;14871;2740;3458;2729;3627;1722;1728;2866;3060;;;;73;;41;;;;244;;14;;30;;213;;368;;105;;36;;
025;69952;44567;44184;44321;13959;12873;20969;17016;2203;4094;2335;3820;1850;2316;2868;3133;;;;63;;77;;;;127;;15;;48;;256;;307;;137;;39;;
051;60522;39392;39205;39244;15150;13764;14400;12529;2762;3569;2260;3730;1230;1492;2626;2839;;;;37;;36;;;777;465;;8;;43;;170;;460;;66;;36;;
071;82518;49414;48698;49121;18038;15470;20863;19785;3133;4091;3458;4034;2357;2116;;2545;;;;51;;39;;;849;208;;13;;50;;232;;371;;74;;42;;
075;69796;44028;43727;43817;16053;15748;17902;16026;3438;3932;2444;3151;1796;1916;2094;2204;;;;96;;58;;;;87;;4;;38;;173;;263;;97;;24;;
029;59973;39593;39313;39373;13912;12194;17482;16422;2166;2751;1635;2748;1437;1576;2681;2836;;;;44;;48;;;;163;;5;;28;;204;;217;;105;;32;;
009;60418;40676;40419;40482;13997;12392;16033;15196;2850;3763;2660;3361;1563;1924;2659;2744;;;;43;;67;;;;97;;9;;50;494;371;;308;;101;;56;163;
050;67761;44762;44451;44536;17890;15674;14354;13636;3752;4604;3016;4048;1967;1914;3183;3297;;;;51;;60;;;;356;;21;;74;;245;;392;;89;;75;289;
030;72782;48232;47872;47989;17286;15038;19829;18751;3175;3794;2368;3736;1994;2067;3220;3297;;;;49;;76;;;;199;;9;;40;;297;;382;;199;;55;;
019;52597;32950;32644;32700;10300;10226;14696;14031;1649;1994;3143;2763;1070;1204;1786;1878;;;;37;;31;;;;75;;6;;22;;163;;199;;45;;26;;
022;75113;51882;50899;51580;18703;16917;23344;21388;2766;3544;4013;3434;2073;1713;;3560;;;;49;;54;;;;128;;9;;42;;223;;385;;86;;48;;
060;86605;54157;53847;53912;19458;17231;18352;18575;5534;5923;3159;4063;4125;3544;3219;3296;;;;146;;87;;;;173;;12;;56;;234;;423;;95;;54;;
073;76087;46182;45919;45938;24619;22920;12705;12673;3471;2822;1973;3569;1158;1290;1993;2051;;;;31;;25;;;;101;;4;;31;;159;;177;;62;;23;;
063;65523;42418;41732;42239;11747;10043;17918;15957;5138;6107;3191;3505;3738;3572;;1838;;;;95;;53;;;;150;;20;;102;;309;;285;;126;;77;;
074;73098;47825;47188;47587;20063;18058;18078;16514;4044;4463;3096;3782;1907;1785;;2037;;;;44;;42;;;;108;;9;;48;;227;;330;;90;;50;;
032;67969;43370;43108;43152;15452;14021;16723;16949;2859;2919;3025;3470;1509;1628;3115;3257;425;;;56;;50;;;;154;;8;;37;;192;;275;;93;;43;;
081;83283;54116;53497;53861;31713;29874;13865;13099;2482;2862;3744;4063;1693;1252;;1953;;;;33;;42;;;;100;;6;;27;;206;;232;;84;;28;;
079;85289;54809;54068;54545;27631;25044;20572;18153;;3410;3622;3793;2243;1597;;1770;;;;21;;32;;;;57;;4;;140;;207;;225;;68;;24;;
010;57058;37187;36886;36957;11082;10371;17802;16595;1526;2012;1523;2207;1444;1614;3194;3277;;;;27;;37;;;238;123;77;17;;25;;252;;308;;62;;30;;
038;77257;45192;44828;44932;15453;14034;18209;17937;3656;3647;2164;2924;1840;2005;3321;3454;;;;46;;27;;;;83;;13;;42;;180;;350;185;132;;58;;
085;83513;49459;48314;49027;12809;11281;24516;24456;3308;3530;3650;3142;2925;2615;;2903;;;;75;;39;;;1106;250;;7;;29;;233;;312;;96;;59;;
086;86450;53010;52374;52510;13671;13911;27446;24821;3058;3897;2491;2822;2520;2371;3188;3437;;;;61;;50;;;;335;;7;;40;;242;;354;;109;;53;;
061;83234;52420;52096;52176;20107;17522;20719;18937;3792;5036;2546;4079;1720;2061;3212;3365;;;;60;;82;;;;183;;13;;42;;285;;343;;107;;61;;
016;70890;41541;41198;41224;11652;10950;18550;17618;3300;3798;2027;2859;1943;2047;2500;2660;;;;72;;41;;;1187;400;39;27;;30;;273;;298;;113;;38;;
035;66810;46428;46074;46215;15472;13683;18783;17995;3537;4398;3122;3879;1946;2065;2976;3165;;;;46;;66;;;;172;;4;;41;;266;;277;238;116;;42;;
049;87509;57078;56759;56873;16160;14863;21850;18757;7769;9120;3171;4454;4135;4279;3550;3550;;;;358;;106;;;;162;124;32;;119;;433;;415;;136;;89;;
037;83787;53312;52290;53019;18053;16478;24482;21748;3848;4346;3688;3648;2219;1974;;3622;;;;52;;53;;;;162;;11;;45;;274;;428;;110;;68;;
069;62014;33525;33168;33263;9019;8488;15185;14398;1993;2210;1978;2526;1455;1796;2607;2772;;;;28;;35;;;488;323;;12;;18;443;287;;281;;57;;32;;
041;83399;53135;52785;52868;18916;17268;18529;18619;4722;5198;4459;4674;2320;2456;3066;3183;;;;79;;46;;;;225;;4;;72;576;413;;477;;90;;64;197;
036;58994;37264;36961;37035;12835;11531;15556;15163;2545;2773;1872;2495;1481;1564;2672;2673;;;;32;;39;;;;101;;7;;36;;199;;273;;101;;48;;
024;68283;46670;45846;46485;16807;13980;17493;16578;4580;5275;3335;4536;2594;2439;;2532;;;;66;;71;;;;121;;8;;51;1037;380;;269;;113;;66;;
043;55024;35095;34839;34893;11604;11337;16177;14176;1951;2549;1967;2473;1034;1268;2106;2267;;;;42;;48;;;;147;;10;;45;;135;;287;;62;;47;;
054;69304;44921;44394;44710;22407;19719;15346;14468;2736;3291;2259;2904;1646;1391;;2049;;;;40;;41;;;;181;;11;;28;;183;;255;;83;;66;;
082;80778;50597;49931;50334;30007;27763;12198;12299;2291;2387;3734;3560;1701;1306;;2297;;;;40;;30;;;;98;;9;;17;;205;;228;;64;;31;;
004;79175;50354;50044;50111;16187;15038;24059;22376;2510;3313;2124;2935;1905;1949;3259;3375;;;;63;;54;;;;116;;13;;44;;275;;396;;105;;59;;
066;75867;44598;44241;44323;21266;20316;12995;12590;2397;2491;3552;3988;1389;1435;2642;2724;;;;41;;48;;;;130;;7;;32;;166;;244;;77;;34;;
031;74162;49273;48966;49047;19085;17176;18132;17526;3207;3522;3385;4417;1672;1795;3299;3458;;;;61;;89;;;;165;;14;;42;;280;;354;;93;;55;186;
034;63179;42260;41959;42037;15115;12629;17548;17019;2434;3399;2169;3213;1624;1807;2930;3011;;;;36;;60;;;;146;;9;;32;;242;;285;;105;;44;139;
059;57679;36546;36232;36300;13152;12213;13821;13465;2951;3066;1670;2275;1604;1830;2331;2444;;;;34;;34;;;483;294;73;23;;29;;184;;289;;73;;47;147;
002;65846;40844;40489;40612;13386;11982;17860;16537;2512;3242;2079;2808;1780;1929;2872;2995;;;;62;;44;;;;112;;11;;44;;323;;353;;116;;54;;
001;65803;44886;44595;44728;12734;11573;18631;15916;5783;6535;2712;3897;2688;3133;2047;2087;;;;79;;50;;;;126;;16;;105;;622;;348;;154;;87;;
055;80684;52765;52422;52556;23079;19493;16253;16758;4715;4842;2811;4220;2171;2308;3393;3482;;;;62;;64;;;;332;;31;;38;;275;;446;;160;;45;;
014;56312;34013;33623;33781;10476;9529;16377;14375;;2213;2112;2468;1931;1644;2727;2745;;;;27;;89;;;;82;;8;;20;;172;;306;;64;;39;;
011;62938;36328;36033;36064;8144;8601;18793;16452;989;1613;1930;1884;1537;1723;4640;4931;;;;29;;62;;;;109;;9;;23;;218;;294;;78;;38;;
076;71265;48328;47738;48109;23207;20777;15167;14651;3916;4225;3368;4182;2080;1768;;1745;;;;32;;44;;;;78;;2;;28;;204;;251;;91;;31;;
007;75310;43707;43355;43459;14316;12965;19015;18683;2250;2524;2089;2638;2188;2051;3497;3550;;;;33;;85;;;;90;;6;;106;;259;;291;;121;;57;;
078;64583;41538;40984;41355;13892;12775;17446;13022;4378;6471;2666;3509;2602;2920;;1682;;;;110;;46;;;;90;;3;;65;;271;;226;;107;;58;;
067;67755;40335;39986;40096;24317;23002;8834;8625;2254;2068;1525;2756;1028;1077;2028;2047;;;;23;;34;;;;75;;10;;24;;106;;164;;54;;31;;
062;62634;38499;37833;38329;9773;8415;15585;13592;5568;6174;2578;2970;4329;4020;;1931;;;;120;;50;;;;115;;31;;70;;354;;254;;118;;115;;
013;52733;31294;30987;31097;11345;9839;13948;12533;;1921;1823;2441;1612;1356;2259;2331;;;;16;;46;;;;82;;6;;29;;156;;248;;63;;30;;
017;65987;43492;43272;43329;11026;9448;16827;14940;8072;8756;1786;3085;3289;4276;1389;1577;;;;130;;26;;;;105;;15;;61;765;502;;210;;140;;58;118;
070;85391;54599;54200;54248;13953;14458;29353;24149;3292;4333;2733;4558;1864;2183;3005;3178;;;;56;;47;;;;226;;23;;36;;293;;526;;105;;77;;
008;73498;44184;43798;43897;15381;14274;17871;18206;2078;2517;3705;3102;1552;1733;2998;3001;;;;29;;45;;;;142;;8;;50;;231;;409;;98;;52;213;
077;57479;33898;33212;33720;11749;10264;13319;11792;3821;4461;1844;2425;2479;2444;;1462;;;;89;;28;;;;72;;3;;60;;269;;194;;112;;45;;
044;53306;32553;32267;32355;13504;12388;11689;11280;1865;2279;1906;2366;1026;1087;2102;2213;;;;37;;48;;;;104;175;46;;23;;147;;264;;52;;21;;
023;65852;44699;44392;44437;17265;14006;19124;19660;2360;3013;1736;2539;1434;1604;2473;2784;;;;44;;36;;;;79;;5;;29;;177;;345;;85;;31;;
057;65926;40431;39676;40196;17054;15964;15045;14151;3382;2675;2447;2585;1748;1525;;2364;;;;45;;42;;;;202;;17;;29;;148;;329;;82;;38;;
072;79643;51146;50215;50825;19316;16860;19113;18232;3893;4435;4980;5387;2178;2049;;2700;;;;43;;41;;;;193;;7;735;175;;222;;353;;84;;44;;
039;71239;45344;44591;45041;20254;17147;19230;16801;;3204;2848;3251;1797;1318;;2492;;;;39;;33;;;;102;;7;;35;;176;;297;462;98;;41;;
080;84570;55180;54904;54980;31859;29544;13702;14219;3431;3207;2807;3933;1263;1470;1842;1869;;;;43;;37;;;;66;;3;;26;;226;;234;;76;;27;;
068;82232;52242;51883;51989;31244;29883;10541;10748;2693;2843;2967;4039;1241;1341;2063;2172;;;;18;;35;;;714;273;;8;;51;420;295;;182;;63;;38;;
012;60187;35772;35489;35516;13102;11401;15646;15289;1687;2045;1597;2335;1133;1216;2324;2471;;;;38;;26;;;;109;;11;;16;;196;;273;;66;;24;;
